LARP4	PABPC4	SUB1	DDX3X	RPS3	NCBP2	DDX55	METAP2	BCLAF1	UCHL5	ZNF622	TRA2A	ZNF800	GRWD1	PUM1	DDX24	FXR2	TIA1	TIAL1	U2AF1	U2AF2	KHSRP	AATF	DKC1	NOLC1	SMNDC1	AGO	DICER
ENSG00000179222	ENSG00000087191	ENSG00000105373	ENSG00000120705	ENSG00000087111	ENSG00000120705	ENSG00000179222	ENSG00000182199	ENSG00000135387	ENSG00000160200	ENSG00000111596	ENSG00000135521	ENSG00000108848	ENSG00000175220	ENSG00000108312	ENSG00000120705	ENSG00000108848	ENSG00000196305	ENSG00000108848	ENSG00000108349	ENSG00000131069	ENSG00000177646	ENSG00000108848	ENSG00000101361	ENSG00000135486	ENSG00000146826	ENSG00000126247	ENSG00000166313
ENSG00000070756	ENSG00000112640	ENSG00000130726	ENSG00000115307	ENSG00000111885	ENSG00000076382	ENSG00000089351	ENSG00000105373	ENSG00000130779	ENSG00000130779	ENSG00000214706	ENSG00000108848	ENSG00000177189	ENSG00000115307	ENSG00000090006	ENSG00000100429	ENSG00000108312	ENSG00000108848	ENSG00000134294	ENSG00000108848	ENSG00000177479	ENSG00000112237	ENSG00000101361	ENSG00000226950	ENSG00000101361	ENSG00000101361	ENSG00000203879	ENSG00000178971
ENSG00000250479	ENSG00000112514	ENSG00000075624	ENSG00000101365	ENSG00000149476	ENSG00000204569	ENSG00000075624	ENSG00000188157	ENSG00000111596	ENSG00000104129	ENSG00000135521	ENSG00000130175	ENSG00000082898	ENSG00000160200	ENSG00000092201	ENSG00000141644	ENSG00000087365	ENSG00000134294	ENSG00000198561	ENSG00000115053	ENSG00000108349	ENSG00000135829	ENSG00000226950	ENSG00000234741	ENSG00000105576	ENSG00000223705	ENSG00000006712	ENSG00000203879
ENSG00000112514	ENSG00000244038	ENSG00000112514	ENSG00000111885	ENSG00000113161	ENSG00000102606	ENSG00000125107	ENSG00000172534	ENSG00000136504	ENSG00000108848	ENSG00000108848	ENSG00000148337	ENSG00000087365	ENSG00000104957	ENSG00000186432	ENSG00000058600	ENSG00000080603	ENSG00000076382	ENSG00000065150	ENSG00000076382	ENSG00000171824	ENSG00000115053	ENSG00000234741	ENSG00000140988	ENSG00000226950	ENSG00000143224	ENSG00000008710	ENSG00000006712
ENSG00000226950	ENSG00000114942	ENSG00000234741	ENSG00000089006	ENSG00000134294	ENSG00000108465	ENSG00000112514	ENSG00000070756	ENSG00000198799	ENSG00000115053	ENSG00000072518	ENSG00000153187	ENSG00000148337	ENSG00000120705	ENSG00000182944	ENSG00000140983	ENSG00000130985	ENSG00000153187	ENSG00000044446	ENSG00000182934	ENSG00000196305	ENSG00000011426	ENSG00000203618	ENSG00000260260	ENSG00000234741	ENSG00000172046	ENSG00000160447	ENSG00000177595
ENSG00000114942	ENSG00000104529	ENSG00000101365	ENSG00000214078	ENSG00000214078	ENSG00000155508	ENSG00000101365	ENSG00000196547	ENSG00000198862	ENSG00000058600	ENSG00000112511	ENSG00000196642	ENSG00000087460	ENSG00000135521	ENSG00000065000	ENSG00000076382	ENSG00000090565	ENSG00000174231	ENSG00000204569	ENSG00000072778	ENSG00000112511	ENSG00000077380	ENSG00000132475	ENSG00000203875	ENSG00000175061	ENSG00000105576	ENSG00000108604	ENSG00000008710
ENSG00000104529	ENSG00000105202	ENSG00000175061	ENSG00000165119	ENSG00000166986	ENSG00000226950	ENSG00000166508	ENSG00000166986	ENSG00000108848	ENSG00000188739	ENSG00000058600	ENSG00000153827	ENSG00000153187	ENSG00000108848	ENSG00000167863	ENSG00000105576	ENSG00000168439	ENSG00000166986	ENSG00000157106	ENSG00000196547	ENSG00000076382	ENSG00000153201	ENSG00000175061	ENSG00000269893	ENSG00000260260	ENSG00000140829	ENSG00000141002	ENSG00000160447
ENSG00000122566	ENSG00000234741	ENSG00000196531	ENSG00000111641	ENSG00000167986	ENSG00000178028	ENSG00000148362	ENSG00000123143	ENSG00000072518	ENSG00000140983	ENSG00000188739	ENSG00000182944	ENSG00000166508	ENSG00000072518	ENSG00000108561	ENSG00000082898	ENSG00000198752	ENSG00000215301	ENSG00000122566	ENSG00000166508	ENSG00000121274	ENSG00000080345	ENSG00000260260	ENSG00000166012	ENSG00000255717	ENSG00000011304	ENSG00000063244	ENSG00000140983
ENSG00000063241	ENSG00000092199	ENSG00000140983	ENSG00000106397	ENSG00000106397	ENSG00000114942	ENSG00000123349	ENSG00000065000	ENSG00000141644	ENSG00000085872	ENSG00000140983	ENSG00000087365	ENSG00000134294	ENSG00000278259	ENSG00000160799	ENSG00000171163	ENSG00000115548	ENSG00000076108	ENSG00000175061	ENSG00000117569	ENSG00000163297	ENSG00000134910	ENSG00000255717	ENSG00000161960	ENSG00000266402	ENSG00000139645	ENSG00000130119	ENSG00000108604
ENSG00000179010	ENSG00000101365	ENSG00000229117	ENSG00000261067	ENSG00000144028	ENSG00000257218	ENSG00000174231	ENSG00000104529	ENSG00000151338	ENSG00000105671	ENSG00000163681	ENSG00000204560	ENSG00000186432	ENSG00000161526	ENSG00000092199	ENSG00000072778	ENSG00000153827	ENSG00000044446	ENSG00000126226	ENSG00000134294	ENSG00000136231	ENSG00000131747	ENSG00000266402	ENSG00000255717	ENSG00000203875	ENSG00000076108	ENSG00000132781	ENSG00000115234
ENSG00000196531	ENSG00000196531	ENSG00000105193	ENSG00000072778	ENSG00000261067	ENSG00000203618	ENSG00000131469	ENSG00000159069	ENSG00000278259	ENSG00000087365	ENSG00000076382	ENSG00000123136	ENSG00000182944	ENSG00000180900	ENSG00000125944	ENSG00000163297	ENSG00000005007	ENSG00000139613	ENSG00000026297	ENSG00000102606	ENSG00000166508	ENSG00000110321	ENSG00000203875	ENSG00000125691	ENSG00000269893	ENSG00000072310	ENSG00000113119	ENSG00000131748
ENSG00000115053	ENSG00000123349	ENSG00000170889	ENSG00000120437	ENSG00000071553	ENSG00000064961	ENSG00000229117	ENSG00000203618	ENSG00000115053	ENSG00000118900	ENSG00000198917	ENSG00000118985	ENSG00000104885	ENSG00000141002	ENSG00000179010	ENSG00000085872	ENSG00000167986	ENSG00000157106	ENSG00000136450	ENSG00000134759	ENSG00000170515	ENSG00000070756	ENSG00000114867	ENSG00000174444	ENSG00000166012	ENSG00000188976	ENSG00000183765	ENSG00000063244
ENSG00000147123	ENSG00000172809	ENSG00000075415	ENSG00000182196	ENSG00000111775	ENSG00000165792	ENSG00000233927	ENSG00000188486	ENSG00000177189	ENSG00000085788	ENSG00000167004	ENSG00000125944	ENSG00000204560	ENSG00000105576	ENSG00000114391	ENSG00000128731	ENSG00000182944	ENSG00000108654	ENSG00000138095	ENSG00000132793	ENSG00000118515	ENSG00000023287	ENSG00000167747	ENSG00000148303	ENSG00000114867	ENSG00000005961	ENSG00000111596	ENSG00000141499
ENSG00000105404	ENSG00000229117	ENSG00000203875	ENSG00000071553	ENSG00000064601	ENSG00000245532	ENSG00000170889	ENSG00000179950	ENSG00000134294	ENSG00000166508	ENSG00000072310	ENSG00000137154	ENSG00000167863	ENSG00000103197	ENSG00000153113	ENSG00000140400	ENSG00000127663	ENSG00000122566	ENSG00000089053	ENSG00000213983	ENSG00000113119	ENSG00000115548	ENSG00000169045	ENSG00000265681	ENSG00000161960	ENSG00000161638	ENSG00000166197	ENSG00000113108
ENSG00000167526	ENSG00000105193	ENSG00000105372	ENSG00000169679	ENSG00000112514	ENSG00000136933	ENSG00000114650	ENSG00000105193	ENSG00000163681	ENSG00000076382	ENSG00000166887	ENSG00000125447	ENSG00000143793	ENSG00000108312	ENSG00000181222	ENSG00000076201	ENSG00000092199	ENSG00000175061	ENSG00000166669	ENSG00000168488	ENSG00000143258	ENSG00000107929	ENSG00000104904	ENSG00000243207	ENSG00000140988	ENSG00000178999	ENSG00000138434	ENSG00000169727
ENSG00000229117	ENSG00000143947	ENSG00000104231	ENSG00000174109	ENSG00000107984	ENSG00000167526	ENSG00000076382	ENSG00000140988	ENSG00000081307	ENSG00000072310	ENSG00000117569	ENSG00000167110	ENSG00000198563	ENSG00000072778	ENSG00000130816	ENSG00000130726	ENSG00000115053	ENSG00000196531	ENSG00000118523	ENSG00000110321	ENSG00000166140	ENSG00000137807	ENSG00000243207	ENSG00000136270	ENSG00000167747	ENSG00000226950	ENSG00000198720	ENSG00000196547
ENSG00000164587	ENSG00000177954	ENSG00000264324	ENSG00000182307	ENSG00000125991	ENSG00000171863	ENSG00000062822	ENSG00000150991	ENSG00000077380	ENSG00000100726	ENSG00000108312	ENSG00000092199	ENSG00000108654	ENSG00000136231	ENSG00000148843	ENSG00000094631	ENSG00000131626	ENSG00000026297	ENSG00000169045	ENSG00000156869	ENSG00000198561	ENSG00000108651	ENSG00000110955	ENSG00000105576	ENSG00000243207	ENSG00000175197	ENSG00000117713	ENSG00000166508
ENSG00000105193	ENSG00000171863	ENSG00000278615	ENSG00000117399	ENSG00000167996	ENSG00000170889	ENSG00000213145	ENSG00000172053	ENSG00000122126	ENSG00000136271	ENSG00000198276	ENSG00000130066	ENSG00000104529	ENSG00000166508	ENSG00000176171	ENSG00000077454	ENSG00000153113	ENSG00000170889	ENSG00000115947	ENSG00000089693	ENSG00000012817	ENSG00000241837	ENSG00000174444	ENSG00000110955	ENSG00000167526	ENSG00000123136	ENSG00000104853	ENSG00000062822
ENSG00000143947	ENSG00000170889	ENSG00000126457	ENSG00000068120	ENSG00000164032	ENSG00000266402	ENSG00000125148	ENSG00000204394	ENSG00000131467	ENSG00000023228	ENSG00000215301	ENSG00000164609	ENSG00000164032	ENSG00000149782	ENSG00000166165	ENSG00000196547	ENSG00000114867	ENSG00000168758	ENSG00000089157	ENSG00000245532	ENSG00000174231	ENSG00000103995	ENSG00000148303	ENSG00000156976	ENSG00000110955	ENSG00000234741	ENSG00000185246	ENSG00000167658
ENSG00000171863	ENSG00000266402	ENSG00000132341	ENSG00000111775	ENSG00000132475	ENSG00000281398	ENSG00000264324	ENSG00000075624	ENSG00000022840	ENSG00000132153	ENSG00000143442	ENSG00000168259	ENSG00000092199	ENSG00000139613	ENSG00000123136	ENSG00000158864	ENSG00000130816	ENSG00000255717	ENSG00000144136	ENSG00000106133	ENSG00000117569	ENSG00000173588	ENSG00000265681	ENSG00000111642	ENSG00000148187	ENSG00000203618	ENSG00000160957	ENSG00000196924
ENSG00000170889	ENSG00000130725	ENSG00000161016	ENSG00000112514	ENSG00000204525	ENSG00000113119	ENSG00000115541	ENSG00000143418	ENSG00000087365	ENSG00000186432	ENSG00000070814	ENSG00000115216	ENSG00000138668	ENSG00000118900	ENSG00000143575	ENSG00000114650	ENSG00000080345	ENSG00000136450	ENSG00000115392	ENSG00000255717	ENSG00000162923	ENSG00000110172	ENSG00000166012		ENSG00000142541	ENSG00000169045	ENSG00000136878	ENSG00000160602
ENSG00000099624	ENSG00000139641	ENSG00000131469	ENSG00000088986	ENSG00000122566	ENSG00000182087	ENSG00000078618	ENSG00000084207	ENSG00000139613	ENSG00000130702	ENSG00000077232	ENSG00000160633	ENSG00000125944	ENSG00000116584	ENSG00000167526	ENSG00000072310	ENSG00000148843	ENSG00000138095	ENSG00000234741	ENSG00000166012	ENSG00000196914	ENSG00000169714	ENSG00000105576		ENSG00000131469	ENSG00000175061	ENSG00000142733	ENSG00000125733
ENSG00000173915	ENSG00000099624	ENSG00000159377	ENSG00000114942	ENSG00000179010	ENSG00000160285	ENSG00000148341	ENSG00000063177	ENSG00000084774	ENSG00000158864	ENSG00000076108	ENSG00000204574	ENSG00000089009	ENSG00000163050	ENSG00000229117	ENSG00000167986	ENSG00000171316	ENSG00000127481	ENSG00000196262	ENSG00000101972	ENSG00000089280	ENSG00000184432	ENSG00000102144		ENSG00000174444	ENSG00000008130	ENSG00000182872	ENSG00000125753
ENSG00000204463	ENSG00000162585	ENSG00000265681	ENSG00000104131	ENSG00000172590	ENSG00000196497	ENSG00000105393	ENSG00000109475	ENSG00000183765	ENSG00000204351	ENSG00000014216	ENSG00000099783	ENSG00000137154	ENSG00000119772	ENSG00000143549	ENSG00000135723	ENSG00000167548	ENSG00000089053	ENSG00000137955	ENSG00000127481	ENSG00000166986	ENSG00000108654			ENSG00000148303	ENSG00000106133	ENSG00000113810	ENSG00000161204
ENSG00000030582	ENSG00000110717	ENSG00000103335	ENSG00000100664	ENSG00000115053	ENSG00000119559	ENSG00000130811	ENSG00000196924	ENSG00000178921	ENSG00000153827	ENSG00000134815	ENSG00000092010	ENSG00000150459	ENSG00000145191	ENSG00000162191	ENSG00000185359	ENSG00000197102	ENSG00000166669	ENSG00000131051	ENSG00000204463	ENSG00000149480	ENSG00000146425			ENSG00000142937	ENSG00000137193	ENSG00000140474	ENSG00000071894
ENSG00000173457	ENSG00000173457	ENSG00000147403	ENSG00000125991	ENSG00000105404	ENSG00000164327	ENSG00000167792	ENSG00000104904	ENSG00000164080	ENSG00000167721	ENSG00000149782	ENSG00000177600	ENSG00000111602	ENSG00000256269	ENSG00000144028	ENSG00000127603	ENSG00000196924	ENSG00000077782	ENSG00000102317	ENSG00000254166	ENSG00000124067	ENSG00000234741			ENSG00000265681	ENSG00000146083	ENSG00000131584	ENSG00000185359
ENSG00000147403	ENSG00000147403		ENSG00000103876	ENSG00000119318	ENSG00000167747	ENSG00000172889	ENSG00000247077	ENSG00000130511	ENSG00000177479	ENSG00000100241	ENSG00000008952	ENSG00000108312	ENSG00000153187	ENSG00000196924	ENSG00000166986	ENSG00000116584	ENSG00000135486	ENSG00000138074	ENSG00000108654	ENSG00000134294	ENSG00000068745			ENSG00000147403	ENSG00000168758	ENSG00000129351	ENSG00000184216
ENSG00000142541	ENSG00000142541		ENSG00000103254	ENSG00000167526	ENSG00000169045	ENSG00000168003	ENSG00000104960	ENSG00000167721	ENSG00000198793	ENSG00000044090	ENSG00000273559	ENSG00000153113	ENSG00000166197	ENSG00000177084	ENSG00000162231	ENSG00000186716	ENSG00000169045	ENSG00000096384	ENSG00000169045	ENSG00000080603	ENSG00000183605			ENSG00000156976	ENSG00000260260	ENSG00000126012	ENSG00000141959
ENSG00000063177	ENSG00000063177		ENSG00000173486	ENSG00000105193	ENSG00000183808		ENSG00000167526	ENSG00000130939	ENSG00000100241	ENSG00000182944	ENSG00000121851	ENSG00000130816	ENSG00000188338	ENSG00000182196	ENSG00000177595	ENSG00000115677	ENSG00000044574	ENSG00000197958	ENSG00000111641	ENSG00000177302	ENSG00000255717				ENSG00000203875	ENSG00000258366	ENSG00000187147
ENSG00000233927	ENSG00000109475		ENSG00000171298	ENSG00000143947	ENSG00000234741		ENSG00000233927	ENSG00000125753	ENSG00000044090	ENSG00000103549	ENSG00000265681	ENSG00000173575	ENSG00000076382	ENSG00000170004	ENSG00000125637	ENSG00000115216	ENSG00000099381	ENSG00000156508	ENSG00000092094	ENSG00000168096	ENSG00000203875				ENSG00000269893	ENSG00000142186	ENSG00000173898
ENSG00000214736	ENSG00000241343		ENSG00000203618	ENSG00000170889	ENSG00000133112		ENSG00000149823	ENSG00000215301	ENSG00000094631	ENSG00000108651	ENSG00000143549	ENSG00000260914	ENSG00000072310	ENSG00000174243	ENSG00000270647	ENSG00000137497	ENSG00000144136	ENSG00000185813	ENSG00000144136	ENSG00000102606	ENSG00000136450				ENSG00000114867	ENSG00000272333	ENSG00000161202
ENSG00000198258	ENSG00000233927		ENSG00000148834	ENSG00000184640	ENSG00000162384		ENSG00000099624	ENSG00000110321	ENSG00000140521	ENSG00000135164	ENSG00000111642	ENSG00000134107	ENSG00000167721	ENSG00000167996	ENSG00000105397	ENSG00000174231	ENSG00000161547	ENSG00000147403	ENSG00000120438	ENSG00000196497	ENSG00000236144				ENSG00000169710	ENSG00000140521	ENSG00000196642
ENSG00000264324	ENSG00000161981		ENSG00000204592	ENSG00000169682	ENSG00000178999		ENSG00000170889	ENSG00000127603	ENSG00000103549	ENSG00000005961	ENSG00000196235	ENSG00000176171	ENSG00000198276	ENSG00000204220	ENSG00000079432	ENSG00000175216	ENSG00000103091	ENSG00000165119	ENSG00000177084	ENSG00000076108	ENSG00000138095				ENSG00000167548	ENSG00000175467	ENSG00000149930
ENSG00000062582	ENSG00000214736		ENSG00000064961	ENSG00000173113	ENSG00000156990		ENSG00000180879	ENSG00000023228	ENSG00000213983	ENSG00000139613	ENSG00000105576	ENSG00000130724	ENSG00000162923	ENSG00000067225	ENSG00000132153	ENSG00000178952	ENSG00000184009	ENSG00000141959	ENSG00000060971	ENSG00000134759	ENSG00000101972				ENSG00000181222	ENSG00000130726	ENSG00000188157
ENSG00000013306	ENSG00000163463		ENSG00000137309	ENSG00000150991	ENSG00000117395		ENSG00000071564	ENSG00000111371	ENSG00000116539	ENSG00000105576	ENSG00000221978	ENSG00000169714	ENSG00000161204	ENSG00000123349	ENSG00000112787	ENSG00000127603	ENSG00000234741	ENSG00000163682	ENSG00000178971	ENSG00000165219	ENSG00000157106				ENSG00000075624	ENSG00000214655	ENSG00000184916
ENSG00000186010	ENSG00000172366		ENSG00000136718	ENSG00000137076	ENSG00000102144		ENSG00000221983	ENSG00000198752	ENSG00000124228	ENSG00000258890	ENSG00000169710	ENSG00000156508	ENSG00000146830	ENSG00000265241	ENSG00000130702	ENSG00000167110	ENSG00000080824	ENSG00000115657	ENSG00000154832	ENSG00000044090	ENSG00000243554				ENSG00000166669	ENSG00000004777	ENSG00000179134
ENSG00000123349	ENSG00000174547		ENSG00000234616	ENSG00000070669			ENSG00000135486	ENSG00000204560	ENSG00000139613	ENSG00000130816	ENSG00000134318	ENSG00000135821	ENSG00000105063	ENSG00000142937	ENSG00000008710	ENSG00000138095	ENSG00000213619	ENSG00000171557	ENSG00000204560	ENSG00000185359	ENSG00000120699				ENSG00000179218	ENSG00000204469	ENSG00000131584
ENSG00000131469	ENSG00000103202		ENSG00000102316	ENSG00000099624			ENSG00000167965	ENSG00000077232	ENSG00000204560	ENSG00000165458	ENSG00000087087	ENSG00000164104	ENSG00000183258	ENSG00000221983	ENSG00000196642	ENSG00000187514	ENSG00000156873	ENSG00000090060	ENSG00000198830	ENSG00000160957	ENSG00000092199				ENSG00000099622	ENSG00000092201	ENSG00000168488
ENSG00000156482	ENSG00000078618		ENSG00000165792	ENSG00000135446			ENSG00000163931	ENSG00000115548	ENSG00000130816	ENSG00000160949	ENSG00000132485	ENSG00000140990	ENSG00000141524	ENSG00000137076	ENSG00000113810	ENSG00000143549	ENSG00000196262	ENSG00000116001	ENSG00000088247	ENSG00000258890	ENSG00000169045				ENSG00000168209	ENSG00000110719	ENSG00000165684
ENSG00000182774	ENSG00000104904		ENSG00000179010	ENSG00000169714			ENSG00000133112	ENSG00000186432	ENSG00000100023	ENSG00000003756		ENSG00000172809	ENSG00000134759	ENSG00000105401	ENSG00000141524	ENSG00000115355	ENSG00000100023	ENSG00000100201	ENSG00000168906	ENSG00000170037	ENSG00000103160				ENSG00000108654	ENSG00000215305	ENSG00000130726
ENSG00000167553	ENSG00000167526		ENSG00000182154	ENSG00000104529			ENSG00000188976	ENSG00000008710	ENSG00000125755	ENSG00000161204		ENSG00000130066	ENSG00000165219	ENSG00000140416	ENSG00000014216	ENSG00000099783	ENSG00000129084	ENSG00000135486	ENSG00000100906	ENSG00000196547	ENSG00000168906				ENSG00000173812	ENSG00000076924	ENSG00000132510
ENSG00000161016	ENSG00000125691		ENSG00000172590	ENSG00000135821			ENSG00000197102	ENSG00000204351	ENSG00000110200	ENSG00000116584		ENSG00000265972	ENSG00000132793	ENSG00000111642	ENSG00000132793	ENSG00000175467	ENSG00000100911	ENSG00000102144	ENSG00000102317	ENSG00000126562	ENSG00000188811				ENSG00000178719	ENSG00000170037	ENSG00000090006
ENSG00000234741	ENSG00000115268		ENSG00000128626	ENSG00000030582			ENSG00000239857	ENSG00000153827	ENSG00000167863	ENSG00000254505		ENSG00000127603	ENSG00000129933	ENSG00000172889	ENSG00000100241	ENSG00000113758	ENSG00000131051		ENSG00000087087	ENSG00000124608	ENSG00000119414				ENSG00000132475	ENSG00000089351	ENSG00000180900
ENSG00000216490	ENSG00000203875		ENSG00000163382	ENSG00000084207			ENSG00000075415	ENSG00000177479	ENSG00000029363	ENSG00000113240		ENSG00000111642	ENSG00000196235	ENSG00000160789	ENSG00000142186	ENSG00000166986	ENSG00000138074		ENSG00000166888	ENSG00000204569	ENSG00000241343				ENSG00000121716	ENSG00000105063	ENSG00000177169
ENSG00000110717	ENSG00000130811		ENSG00000213619	ENSG00000170421			ENSG00000022840	ENSG00000134759	ENSG00000089685	ENSG00000198563		ENSG00000182196	ENSG00000044090	ENSG00000132341	ENSG00000110046	ENSG00000100201	ENSG00000213593		ENSG00000121060	ENSG00000094914	ENSG00000174444				ENSG00000099821	ENSG00000075624	ENSG00000215305
	ENSG00000105640		ENSG00000149761	ENSG00000228474			ENSG00000196961	ENSG00000129351	ENSG00000278615	ENSG00000064961		ENSG00000160014	ENSG00000182944	ENSG00000168066	ENSG00000095564	ENSG00000155506	ENSG00000257411		ENSG00000099783	ENSG00000168488	ENSG00000110700				ENSG00000102317	ENSG00000214087	ENSG00000105063
	ENSG00000131469		ENSG00000143224	ENSG00000102317			ENSG00000125991	ENSG00000109111	ENSG00000143793	ENSG00000092199		ENSG00000170004	ENSG00000094631	ENSG00000167468	ENSG00000044090		ENSG00000168000		ENSG00000143624	ENSG00000113240	ENSG00000143947				ENSG00000143258	ENSG00000135446	ENSG00000065000
	ENSG00000156482		ENSG00000175470	ENSG00000147403			ENSG00000105613	ENSG00000013810	ENSG00000254505	ENSG00000138668		ENSG00000121022	ENSG00000185359	ENSG00000196235	ENSG00000182944		ENSG00000096384		ENSG00000223705	ENSG00000108654	ENSG00000117616				ENSG00000178252	ENSG00000176092	ENSG00000084774
	ENSG00000182774		ENSG00000110536	ENSG00000063177				ENSG00000165733	ENSG00000203618	ENSG00000125944		ENSG00000168259	ENSG00000124181	ENSG00000175203	ENSG00000089597		ENSG00000181163		ENSG00000156858	ENSG00000118985	ENSG00000144136				ENSG00000174231	ENSG00000101412	ENSG00000038358
	ENSG00000180879		ENSG00000136933	ENSG00000105372				ENSG00000044090	ENSG00000092199	ENSG00000173889		ENSG00000167996	ENSG00000140521	ENSG00000147140	ENSG00000188976		ENSG00000175166		ENSG00000227057	ENSG00000156869	ENSG00000188529				ENSG00000204256	ENSG00000114942	ENSG00000146830
	ENSG00000122026		ENSG00000119318	ENSG00000214736				ENSG00000124228	ENSG00000089693	ENSG00000168758		ENSG00000115677	ENSG00000103549		ENSG00000104859		ENSG00000111605		ENSG00000115307	ENSG00000138678	ENSG00000161547				ENSG00000071462	ENSG00000149499	ENSG00000109685
	ENSG00000174444		ENSG00000167526	ENSG00000111669				ENSG00000130816	ENSG00000179010	ENSG00000184640		ENSG00000129351	ENSG00000213983		ENSG00000104885		ENSG00000156508		ENSG00000204256	ENSG00000169567	ENSG00000214736				ENSG00000167747	ENSG00000111640	ENSG00000075624
	ENSG00000110700		ENSG00000131469	ENSG00000167553				ENSG00000029363	ENSG00000162231	ENSG00000136450		ENSG00000115216	ENSG00000104859		ENSG00000169710		ENSG00000177000		ENSG00000137807	ENSG00000169045	ENSG00000265972				ENSG00000198055	ENSG00000171453	ENSG00000011243
	ENSG00000168090		ENSG00000229117	ENSG00000152234				ENSG00000113240	ENSG00000123349	ENSG00000104915		ENSG00000142102	ENSG00000077454		ENSG00000085998		ENSG00000185813		ENSG00000143442	ENSG00000132323	ENSG00000130939				ENSG00000135486	ENSG00000112306	ENSG00000178999
			ENSG00000112306	ENSG00000082153				ENSG00000198563	ENSG00000171453	ENSG00000182087		ENSG00000132341	ENSG00000124006		ENSG00000087365		ENSG00000177084		ENSG00000147403	ENSG00000068745	ENSG00000113569				ENSG00000166508	ENSG00000143368	ENSG00000182307
			ENSG00000143947	ENSG00000213719				ENSG00000118985	ENSG00000188647	ENSG00000167962		ENSG00000125691	ENSG00000092098		ENSG00000105220		ENSG00000100462		ENSG00000112081	ENSG00000089693	ENSG00000078674				ENSG00000104904	ENSG00000196756	ENSG00000134690
			ENSG00000171863	ENSG00000051523				ENSG00000122566	ENSG00000089009	ENSG00000131626		ENSG00000160633	ENSG00000014216		ENSG00000160949		ENSG00000159352		ENSG00000124193	ENSG00000115275	ENSG00000175216				ENSG00000243207	ENSG00000136450	ENSG00000166165
			ENSG00000170889	ENSG00000134824				ENSG00000092199	ENSG00000150459	ENSG00000170581		ENSG00000104980	ENSG00000258890		ENSG00000161638		ENSG00000168137		ENSG00000082258	ENSG00000051825	ENSG00000114346				ENSG00000126457	ENSG00000173465	ENSG00000154832
			ENSG00000150459	ENSG00000206503				ENSG00000138668	ENSG00000182087	ENSG00000138081		ENSG00000103353	ENSG00000165458		ENSG00000003756		ENSG00000168906		ENSG00000161960	ENSG00000170906	ENSG00000156508				ENSG00000204227	ENSG00000166012	ENSG00000244038
			ENSG00000087365	ENSG00000149428				ENSG00000169045	ENSG00000150991	ENSG00000153113		ENSG00000204574	ENSG00000100023		ENSG00000094914		ENSG00000115657		ENSG00000163702	ENSG00000245532	ENSG00000164104				ENSG00000167526	ENSG00000147687	ENSG00000123136
			ENSG00000075415	ENSG00000062582				ENSG00000120694	ENSG00000179889	ENSG00000148606		ENSG00000237649	ENSG00000251322		ENSG00000203618		ENSG00000146826		ENSG00000122566	ENSG00000162231	ENSG00000153187				ENSG00000125691	ENSG00000130204	ENSG00000141994
			ENSG00000169682	ENSG00000102144				ENSG00000088247	ENSG00000131626	ENSG00000099331		ENSG00000181163	ENSG00000125755		ENSG00000250251		ENSG00000100867		ENSG00000196792	ENSG00000141456	ENSG00000096384				ENSG00000161016	ENSG00000176058	ENSG00000114942
			ENSG00000162062	ENSG00000067225				ENSG00000196531	ENSG00000064932	ENSG00000135046		ENSG00000123349	ENSG00000160949		ENSG00000131381		ENSG00000111325		ENSG00000157014	ENSG00000137193	ENSG00000100023				ENSG00000013306	ENSG00000143258	ENSG00000130811
			ENSG00000130204	ENSG00000130175				ENSG00000162231	ENSG00000170581	ENSG00000203667		ENSG00000092010	ENSG00000155363		ENSG00000182087		ENSG00000102144		ENSG00000090060	ENSG00000143442	ENSG00000148303				ENSG00000111669	ENSG00000127580	ENSG00000149499
			ENSG00000066379	ENSG00000233927				ENSG00000188647	ENSG00000138081	ENSG00000183258		ENSG00000131469	ENSG00000204569		ENSG00000104522		ENSG00000204256		ENSG00000092098	ENSG00000142599	ENSG00000147604				ENSG00000076604	ENSG00000079432	ENSG00000108262
			ENSG00000100065	ENSG00000147955				ENSG00000136450	ENSG00000076928	ENSG00000169045		ENSG00000118181	ENSG00000056097		ENSG00000105726		ENSG00000171557		ENSG00000116001	ENSG00000026297	ENSG00000153914				ENSG00000099899	ENSG00000086758	ENSG00000197451
			ENSG00000143727	ENSG00000105552				ENSG00000104231	ENSG00000141503	ENSG00000149428		ENSG00000112473	ENSG00000110200		ENSG00000096433		ENSG00000147140		ENSG00000142453	ENSG00000100316	ENSG00000124193				ENSG00000158805	ENSG00000124067	ENSG00000071655
			ENSG00000119559	ENSG00000164733				ENSG00000115677	ENSG00000174231	ENSG00000159556		ENSG00000124193	ENSG00000182196		ENSG00000172053		ENSG00000115307		ENSG00000156976	ENSG00000228727	ENSG00000120438				ENSG00000160796	ENSG00000100106	ENSG00000132613
			ENSG00000084623	ENSG00000156508				ENSG00000131626	ENSG00000038358	ENSG00000133247		ENSG00000105401	ENSG00000167863		ENSG00000196235				ENSG00000102144	ENSG00000196756	ENSG00000186660				ENSG00000168090	ENSG00000105186	ENSG00000107959
			ENSG00000162585	ENSG00000084623				ENSG00000115839	ENSG00000204394	ENSG00000137193		ENSG00000105202	ENSG00000177951		ENSG00000138095					ENSG00000255717	ENSG00000257411				ENSG00000156508	ENSG00000125107	ENSG00000243207
			ENSG00000167468	ENSG00000178035				ENSG00000003756	ENSG00000114867	ENSG00000138398		ENSG00000178035	ENSG00000089685		ENSG00000105186					ENSG00000136450	ENSG00000106144				ENSG00000165661	ENSG00000130158	ENSG00000161847
			ENSG00000084207	ENSG00000099797				ENSG00000164941	ENSG00000099331	ENSG00000125503		ENSG00000196531	ENSG00000278615		ENSG00000115548					ENSG00000166012	ENSG00000111364				ENSG00000147403	ENSG00000164880	ENSG00000100263
			ENSG00000129250	ENSG00000182774				ENSG00000108846	ENSG00000148843	ENSG00000134186		ENSG00000090273	ENSG00000160799		ENSG00000141503					ENSG00000125875	ENSG00000109920				ENSG00000148303	ENSG00000198026	ENSG00000167526
			ENSG00000242485	ENSG00000171848				ENSG00000080345	ENSG00000135046	ENSG00000163584		ENSG00000187514	ENSG00000254505		ENSG00000160796					ENSG00000236144	ENSG00000257103				ENSG00000116754	ENSG00000141367	ENSG00000112306
			ENSG00000130312	ENSG00000182199				ENSG00000089053	ENSG00000176171	ENSG00000232112		ENSG00000198755	ENSG00000198563		ENSG00000038358					ENSG00000171103	ENSG00000165819				ENSG00000146556	ENSG00000114867	ENSG00000143947
			ENSG00000105364	ENSG00000180879				ENSG00000070669	ENSG00000136819	ENSG00000196187		ENSG00000149136	ENSG00000104131		ENSG00000178209					ENSG00000132478	ENSG00000080986				ENSG00000184009	ENSG00000010292	ENSG00000140988
			ENSG00000111639	ENSG00000100242				ENSG00000176171	ENSG00000093009	ENSG00000168884		ENSG00000163931	ENSG00000130165		ENSG00000143624					ENSG00000032219	ENSG00000181163				ENSG00000115307	ENSG00000167548	ENSG00000013306
			ENSG00000110717	ENSG00000178952				ENSG00000203667	ENSG00000174953	ENSG00000198467		ENSG00000071859	ENSG00000213930		ENSG00000099331					ENSG00000112659	ENSG00000132823				ENSG00000070610	ENSG00000135476	ENSG00000147687
			ENSG00000228474	ENSG00000104823				ENSG00000135821	ENSG00000205250	ENSG00000103091		ENSG00000099783	ENSG00000234741		ENSG00000204463					ENSG00000138095	ENSG00000073921				ENSG00000090621	ENSG00000173366	ENSG00000113119
			ENSG00000105223	ENSG00000132507				ENSG00000109971	ENSG00000167280	ENSG00000167548		ENSG00000160789	ENSG00000203618		ENSG00000205250					ENSG00000171316	ENSG00000183527				ENSG00000198755	ENSG00000184009	ENSG00000105677
			ENSG00000041357	ENSG00000101294				ENSG00000116679	ENSG00000149428	ENSG00000177084		ENSG00000168439	ENSG00000164032		ENSG00000084207					ENSG00000155229	ENSG00000116001				ENSG00000265681	ENSG00000143761	ENSG00000064545
			ENSG00000233927	ENSG00000111057				ENSG00000101384	ENSG00000213398	ENSG00000060971		ENSG00000167110	ENSG00000064961		ENSG00000170445					ENSG00000187555	ENSG00000162923				ENSG00000214279	ENSG00000182196	ENSG00000067182
			ENSG00000215012	ENSG00000129255				ENSG00000146729	ENSG00000188130	ENSG00000185000		ENSG00000196235	ENSG00000197451		ENSG00000249115					ENSG00000127481	ENSG00000010244				ENSG00000122952	ENSG00000173915	ENSG00000130204
			ENSG00000178980	ENSG00000110700				ENSG00000164346	ENSG00000100029	ENSG00000168259		ENSG00000122566	ENSG00000092199		ENSG00000188130					ENSG00000146463	ENSG00000134108				ENSG00000133612	ENSG00000166165	ENSG00000130725
			ENSG00000114902	ENSG00000139644				ENSG00000134186	ENSG00000099821	ENSG00000159147		ENSG00000117385	ENSG00000138668		ENSG00000168906					ENSG00000038358	ENSG00000156976				ENSG00000172889	ENSG00000174243	ENSG00000073050
			ENSG00000232112	ENSG00000165280				ENSG00000132300	ENSG00000138398	ENSG00000114346		ENSG00000108592	ENSG00000132323		ENSG00000109065					ENSG00000183684	ENSG00000116906				ENSG00000106348	ENSG00000167968	ENSG00000116809
			ENSG00000105518	ENSG00000092758				ENSG00000156304	ENSG00000173457	ENSG00000156976		ENSG00000170144	ENSG00000136718		ENSG00000167792					ENSG00000204463	ENSG00000128708				ENSG00000179262	ENSG00000132475	ENSG00000079432
			ENSG00000175756	ENSG00000167969				ENSG00000188529	ENSG00000156304	ENSG00000105325		ENSG00000182934	ENSG00000163463		ENSG00000121716					ENSG00000254166	ENSG00000134352				ENSG00000205937	ENSG00000188290	ENSG00000132153
			ENSG00000071462	ENSG00000105220				ENSG00000232112	ENSG00000164609	ENSG00000204590			ENSG00000173889		ENSG00000132300					ENSG00000144021	ENSG00000165359				ENSG00000197958	ENSG00000115274	ENSG00000114867
			ENSG00000121022	ENSG00000165119				ENSG00000143549	ENSG00000161547	ENSG00000129351			ENSG00000104886		ENSG00000156304					ENSG00000176444	ENSG00000196531				ENSG00000234769	ENSG00000105655	ENSG00000086758
			ENSG00000114867	ENSG00000172053				ENSG00000223501	ENSG00000198467	ENSG00000115216			ENSG00000229117		ENSG00000160691					ENSG00000124795	ENSG00000168137				ENSG00000227232	ENSG00000155090	ENSG00000100106
			ENSG00000206503	ENSG00000130706				ENSG00000103091	ENSG00000143549	ENSG00000177595			ENSG00000089009		ENSG00000196187					ENSG00000174953	ENSG00000112081				ENSG00000140400	ENSG00000149357	ENSG00000132382
			ENSG00000169045	ENSG00000161203				ENSG00000197102	ENSG00000104907	ENSG00000160633			ENSG00000171863		ENSG00000104907					ENSG00000161960	ENSG00000177565				ENSG00000130305	ENSG00000175061	ENSG00000100241
			ENSG00000062582	ENSG00000140365				ENSG00000167548	ENSG00000162191	ENSG00000187742			ENSG00000184640		ENSG00000092929					ENSG00000168237	ENSG00000165280				ENSG00000092094	ENSG00000173457	ENSG00000013573
			ENSG00000198355	ENSG00000138030				ENSG00000075568	ENSG00000106261	ENSG00000153914			ENSG00000080189		ENSG00000164068					ENSG00000152804	ENSG00000082258				ENSG00000171241	ENSG00000132356	ENSG00000169710
			ENSG00000129084	ENSG00000135506				ENSG00000129474	ENSG00000177084	ENSG00000104980			ENSG00000108604		ENSG00000177084					ENSG00000164104	ENSG00000149100				ENSG00000136270	ENSG00000174231	ENSG00000178921
			ENSG00000092010	ENSG00000160789				ENSG00000213983	ENSG00000078674	ENSG00000103353			ENSG00000089006		ENSG00000196924					ENSG00000103160	ENSG00000112855				ENSG00000285043	ENSG00000099341	ENSG00000010292
			ENSG00000183808	ENSG00000167792				ENSG00000144395	ENSG00000141522	ENSG00000121741			ENSG00000136450		ENSG00000064687					ENSG00000111641	ENSG00000122566				ENSG00000110955	ENSG00000100263	ENSG00000103335
			ENSG00000130255	ENSG00000168291				ENSG00000085719	ENSG00000182196	ENSG00000198752			ENSG00000124193		ENSG00000060971					ENSG00000092094	ENSG00000146247				ENSG00000156976	ENSG00000147403	ENSG00000075702
			ENSG00000170043					ENSG00000131504	ENSG00000175756	ENSG00000077458			ENSG00000114867		ENSG00000186716					ENSG00000134186	ENSG00000167325				ENSG00000142945	ENSG00000162244	ENSG00000148843
			ENSG00000173113					ENSG00000150768	ENSG00000186716	ENSG00000143624			ENSG00000003756		ENSG00000185000					ENSG00000002016	ENSG00000118515				ENSG00000182199	ENSG00000172809	ENSG00000267157
			ENSG00000174231					ENSG00000168259	ENSG00000094804	ENSG00000176953			ENSG00000157106		ENSG00000164896					ENSG00000204308	ENSG00000113810				ENSG00000102225	ENSG00000100580	ENSG00000173366
			ENSG00000198931					ENSG00000159147	ENSG00000008128	ENSG00000111641			ENSG00000148606		ENSG00000137312					ENSG00000089157	ENSG00000115875				ENSG00000173020	ENSG00000067182	ENSG00000100813
			ENSG00000214087					ENSG00000010810	ENSG00000121022	ENSG00000167770			ENSG00000127481		ENSG00000129351					ENSG00000114993	ENSG00000165704					ENSG00000196230	ENSG00000105221
			ENSG00000154518					ENSG00000117308	ENSG00000185000	ENSG00000130810			ENSG00000183458		ENSG00000007392					ENSG00000092108	ENSG00000102144					ENSG00000151239	ENSG00000143761
			ENSG00000002330					ENSG00000167491	ENSG00000168259	ENSG00000175166			ENSG00000173575		ENSG00000157191					ENSG00000107290	ENSG00000196792					ENSG00000160695	ENSG00000141867
			ENSG00000213551					ENSG00000125651	ENSG00000130299	ENSG00000165661			ENSG00000105221		ENSG00000197111					ENSG00000144136	ENSG00000157014					ENSG00000146247	ENSG00000111665
			ENSG00000267673					ENSG00000007392	ENSG00000129351	ENSG00000106344			ENSG00000087088		ENSG00000142102					ENSG00000161547	ENSG00000047410					ENSG00000116584	ENSG00000167513
			ENSG00000089597					ENSG00000172915	ENSG00000157193	ENSG00000265241			ENSG00000176171		ENSG00000140451					ENSG00000120438	ENSG00000072756					ENSG00000160392	ENSG00000167968
			ENSG00000125505					ENSG00000115216	ENSG00000100297	ENSG00000008952			ENSG00000103995		ENSG00000138398					ENSG00000121060	ENSG00000204256					ENSG00000213923	ENSG00000101412
			ENSG00000166136					ENSG00000204220	ENSG00000070444	ENSG00000091640			ENSG00000143418		ENSG00000233927					ENSG00000130939	ENSG00000088205					ENSG00000123136	ENSG00000161960
			ENSG00000071994					ENSG00000140451	ENSG00000115216	ENSG00000116754			ENSG00000148337		ENSG00000058262					ENSG00000107862	ENSG00000164134					ENSG00000144048	ENSG00000116717
			ENSG00000156482					ENSG00000100911	ENSG00000185813	ENSG00000184787			ENSG00000132361		ENSG00000204152					ENSG00000007202	ENSG00000022840					ENSG00000167658	ENSG00000132475
			ENSG00000182774					ENSG00000132341	ENSG00000156873	ENSG00000048707			ENSG00000169714		ENSG00000204394					ENSG00000154930	ENSG00000175455					ENSG00000145191	ENSG00000214706
			ENSG00000118181					ENSG00000140983	ENSG00000163882	ENSG00000010244			ENSG00000174243		ENSG00000122952					ENSG00000100124	ENSG00000100201					ENSG00000089597	ENSG00000105655
			ENSG00000214046					ENSG00000171490	ENSG00000126457	ENSG00000105401			ENSG00000205250		ENSG00000103335					ENSG00000068120	ENSG00000145907					ENSG00000178719	ENSG00000088247
			ENSG00000112096					ENSG00000160633	ENSG00000132341	ENSG00000100288			ENSG00000175376		ENSG00000173821					ENSG00000148444	ENSG00000135486					ENSG00000203485	ENSG00000103495
			ENSG00000285043					ENSG00000187742	ENSG00000102317	ENSG00000273559			ENSG00000161960		ENSG00000173064					ENSG00000178971	ENSG00000138592					ENSG00000198728	ENSG00000161013
			ENSG00000048544					ENSG00000124193	ENSG00000171490	ENSG00000133884			ENSG00000120699		ENSG00000117448					ENSG00000204560	ENSG00000197056					ENSG00000137409	ENSG00000173272
			ENSG00000159593					ENSG00000120438	ENSG00000160633	ENSG00000170759			ENSG00000167106		ENSG00000071462					ENSG00000114346						ENSG00000178127	ENSG00000137497
			ENSG00000161016					ENSG00000121741	ENSG00000152291	ENSG00000204410			ENSG00000077782		ENSG00000167657					ENSG00000115392						ENSG00000102898	ENSG00000148362
			ENSG00000140988					ENSG00000018510	ENSG00000104980	ENSG00000123933			ENSG00000135821		ENSG00000105325					ENSG00000159131						ENSG00000149782	ENSG00000174231
			ENSG00000185043					ENSG00000117448	ENSG00000167671	ENSG00000106133			ENSG00000170445		ENSG00000169045					ENSG00000070610						ENSG00000142507	ENSG00000099341
			ENSG00000167969					ENSG00000071462	ENSG00000122952	ENSG00000185813			ENSG00000143321		ENSG00000165819					ENSG00000167110						ENSG00000101843	ENSG00000198858
			ENSG00000105810					ENSG00000132323	ENSG00000135976	ENSG00000197170			ENSG00000169592		ENSG00000138035					ENSG00000092036						ENSG00000104889	ENSG00000147403
			ENSG00000166165					ENSG00000143624	ENSG00000197102	ENSG00000187514			ENSG00000213398		ENSG00000130810					ENSG00000198830						ENSG00000142541	ENSG00000089157
			ENSG00000234745					ENSG00000165819	ENSG00000105401	ENSG00000140416			ENSG00000165792		ENSG00000106344					ENSG00000153187						ENSG00000167526	ENSG00000104835
			ENSG00000138382					ENSG00000144802	ENSG00000111665	ENSG00000254633			ENSG00000167792		ENSG00000160753					ENSG00000096384						ENSG00000161016	ENSG00000117394
			ENSG00000184584					ENSG00000135473	ENSG00000167657	ENSG00000163516			ENSG00000092094		ENSG00000168758					ENSG00000115541						ENSG00000163902	ENSG00000166949
			ENSG00000149743					ENSG00000130024	ENSG00000077458	ENSG00000198663			ENSG00000148362		ENSG00000184702					ENSG00000132510						ENSG00000156990	ENSG00000091640
			ENSG00000130811					ENSG00000131791	ENSG00000125651	ENSG00000008128			ENSG00000121716		ENSG00000164402					ENSG00000088247						ENSG00000104897	ENSG00000204922
			ENSG00000171557					ENSG00000112245	ENSG00000180229	ENSG00000177200			ENSG00000173457		ENSG00000164889					ENSG00000168906						ENSG00000182199	ENSG00000169180
			ENSG00000141101					ENSG00000108469	ENSG00000169045	ENSG00000160741			ENSG00000169228		ENSG00000072274					ENSG00000100906						ENSG00000149577	ENSG00000167962
			ENSG00000162191					ENSG00000112473	ENSG00000132323	ENSG00000104412			ENSG00000140983		ENSG00000119777					ENSG00000223705						ENSG00000103266	ENSG00000141503
			ENSG00000117395					ENSG00000265972	ENSG00000079616	ENSG00000146830			ENSG00000172922		ENSG00000146556					ENSG00000070756						ENSG00000103496	ENSG00000164068
			ENSG00000244754					ENSG00000048707	ENSG00000137337	ENSG00000099783			ENSG00000161981		ENSG00000184009					ENSG00000090621						ENSG00000149930	ENSG00000107862
			ENSG00000168291					ENSG00000010244	ENSG00000132613	ENSG00000153187			ENSG00000161888		ENSG00000117713					ENSG00000156873						ENSG00000152291	ENSG00000197136
								ENSG00000273155	ENSG00000186010	ENSG00000160789			ENSG00000188529		ENSG00000115307					ENSG00000165782						ENSG00000204394	ENSG00000146247
								ENSG00000150753	ENSG00000129460	ENSG00000124181			ENSG00000104915		ENSG00000163930					ENSG00000171566						ENSG00000196449	ENSG00000167130
								ENSG00000168036	ENSG00000111641	ENSG00000237441			ENSG00000149483		ENSG00000204256					ENSG00000004142						ENSG00000100813	ENSG00000179115
								ENSG00000156976	ENSG00000165802	ENSG00000012822			ENSG00000196187		ENSG00000169718					ENSG00000100023						ENSG00000107443	ENSG00000105325
								ENSG00000170144	ENSG00000167770	ENSG00000013441			ENSG00000168884		ENSG00000105202					ENSG00000185246						ENSG00000213722	ENSG00000178719
								ENSG00000197170	ENSG00000178209	ENSG00000067596			ENSG00000143549		ENSG00000100116					ENSG00000185627						ENSG00000132768	ENSG00000100429
								ENSG00000187514	ENSG00000130810	ENSG00000167967			ENSG00000198258		ENSG00000101294					ENSG00000131051						ENSG00000149781	ENSG00000203485
								ENSG00000174444	ENSG00000087191	ENSG00000157193			ENSG00000103091		ENSG00000185122					ENSG00000102317						ENSG00000105325	ENSG00000140400
								ENSG00000142864	ENSG00000175166	ENSG00000172890			ENSG00000106261		ENSG00000172732					ENSG00000153914						ENSG00000234741	ENSG00000154889
								ENSG00000168137	ENSG00000011304	ENSG00000178921			ENSG00000126746		ENSG00000090621					ENSG00000087087						ENSG00000137337	ENSG00000102898
								ENSG00000040275	ENSG00000165661	ENSG00000167257			ENSG00000113569		ENSG00000185813					ENSG00000124193						ENSG00000149480	ENSG00000115289
								ENSG00000100296	ENSG00000265241	ENSG00000196235			ENSG00000185658		ENSG00000137955					ENSG00000166888						ENSG00000105245	ENSG00000087191
								ENSG00000140416	ENSG00000170633	ENSG00000106327			ENSG00000011243		ENSG00000147403					ENSG00000100575						ENSG00000104881	ENSG00000179950
								ENSG00000254633	ENSG00000171848	ENSG00000186635			ENSG00000087152		ENSG00000112759					ENSG00000115282						ENSG00000108819	ENSG00000160957
								ENSG00000154473	ENSG00000160753	ENSG00000102225			ENSG00000113758		ENSG00000109332					ENSG00000165280						ENSG00000117425	ENSG00000142541
								ENSG00000115355	ENSG00000008952	ENSG00000122566			ENSG00000185000		ENSG00000243943					ENSG00000084774						ENSG00000174444	ENSG00000115268
								ENSG00000177200	ENSG00000184702	ENSG00000170322			ENSG00000168259		ENSG00000143382					ENSG00000175455						ENSG00000130766	ENSG00000156990
								ENSG00000099783	ENSG00000141985	ENSG00000117385			ENSG00000130816		ENSG00000122359					ENSG00000163660						ENSG00000265972	ENSG00000149577
								ENSG00000100462	ENSG00000073584	ENSG00000065183			ENSG00000123992		ENSG00000177200					ENSG00000163468						ENSG00000131508	ENSG00000147955
								ENSG00000118515	ENSG00000048707	ENSG00000176915			ENSG00000125991		ENSG00000214078					ENSG00000100888						ENSG00000173545	ENSG00000124193
								ENSG00000115234	ENSG00000010244	ENSG00000105821			ENSG00000105325		ENSG00000172889					ENSG00000213551						ENSG00000159840	ENSG00000103266
								ENSG00000166012	ENSG00000273155	ENSG00000176619			ENSG00000115677		ENSG00000234741					ENSG00000108021						ENSG00000198198	ENSG00000103496
								ENSG00000106052	ENSG00000204435	ENSG00000129460			ENSG00000103510		ENSG00000165119					ENSG00000257365						ENSG00000273155	ENSG00000161996
								ENSG00000197056	ENSG00000095059	ENSG00000168268			ENSG00000130332		ENSG00000153187					ENSG00000130005						ENSG00000135637	ENSG00000103197
								ENSG00000013441	ENSG00000101152	ENSG00000134318			ENSG00000111321		ENSG00000163702					ENSG00000089597						ENSG00000121058	ENSG00000123384
								ENSG00000103342	ENSG00000169718	ENSG00000092929			ENSG00000157191		ENSG00000127054					ENSG00000141738						ENSG00000168036	ENSG00000214087
								ENSG00000154359	ENSG00000108883	ENSG00000132485			ENSG00000223705		ENSG00000204410					ENSG00000169919						ENSG00000104823	ENSG00000105393
								ENSG00000146263	ENSG00000100116				ENSG00000197111		ENSG00000067057					ENSG00000143575						ENSG00000156508	ENSG00000169592
								ENSG00000129084	ENSG00000101294				ENSG00000156873		ENSG00000112511					ENSG00000099783						ENSG00000108883	ENSG00000173801
								ENSG00000149930	ENSG00000187514				ENSG00000138398		ENSG00000124181					ENSG00000115317						ENSG00000132591	ENSG00000176953
								ENSG00000167460	ENSG00000175467				ENSG00000126457		ENSG00000148396					ENSG00000143624						ENSG00000137312	ENSG00000111325
								ENSG00000155975	ENSG00000142864				ENSG00000132341		ENSG00000070526					ENSG00000143543						ENSG00000155506	ENSG00000071994
								ENSG00000196914	ENSG00000040275				ENSG00000146083		ENSG00000131748					ENSG00000124702						ENSG00000104973	ENSG00000104881
								ENSG00000132676	ENSG00000124193				ENSG00000171490		ENSG00000227232					ENSG00000165819						ENSG00000167770	ENSG00000108819
								ENSG00000204843	ENSG00000140416				ENSG00000181523		ENSG00000115657					ENSG00000166507						ENSG00000198355	ENSG00000174444
								ENSG00000149428	ENSG00000133316				ENSG00000187531		ENSG00000152117					ENSG00000132823						ENSG00000178209	ENSG00000007376
								ENSG00000147140	ENSG00000205903				ENSG00000259803		ENSG00000213983					ENSG00000167770						ENSG00000100764	ENSG00000168758
								ENSG00000117385	ENSG00000167522				ENSG00000104980		ENSG00000103249					ENSG00000073921						ENSG00000011304	ENSG00000130766
								ENSG00000170515	ENSG00000163516				ENSG00000076604		ENSG00000167967					ENSG00000171453						ENSG00000198755	ENSG00000141985
								ENSG00000090060	ENSG00000116752				ENSG00000115282		ENSG00000064961					ENSG00000131791						ENSG00000148303	ENSG00000182199
								ENSG00000048991	ENSG00000198663				ENSG00000265972		ENSG00000102144					ENSG00000175166						ENSG00000124541	ENSG00000168005
								ENSG00000164327	ENSG00000214078				ENSG00000103353		ENSG00000204469					ENSG00000131467						ENSG00000114993	ENSG00000185475
								ENSG00000116001	ENSG00000104412				ENSG00000161179		ENSG00000099381					ENSG00000117625						ENSG00000040275	ENSG00000161179
								ENSG00000065183	ENSG00000146830				ENSG00000100403		ENSG00000168003					ENSG00000106290						ENSG00000177302	ENSG00000142798
								ENSG00000100201	ENSG00000099783				ENSG00000196700		ENSG00000106327					ENSG00000145348						ENSG00000133112	ENSG00000093009
								ENSG00000135486	ENSG00000168906				ENSG00000197102		ENSG00000006125					ENSG00000131508						ENSG00000116213	ENSG00000102119
								ENSG00000164151	ENSG00000177000				ENSG00000114270		ENSG00000186635					ENSG00000184787						ENSG00000133250	ENSG00000068078
								ENSG00000132485	ENSG00000168268				ENSG00000160014		ENSG00000102225					ENSG00000010244						ENSG00000170312	ENSG00000185122
									ENSG00000112511				ENSG00000105401		ENSG00000179335					ENSG00000134108						ENSG00000088038	ENSG00000007264
									ENSG00000131748				ENSG00000167657		ENSG00000132676					ENSG00000115307						ENSG00000125734	ENSG00000104973
									ENSG00000141524				ENSG00000101152		ENSG00000140995					ENSG00000204256						ENSG00000122566	ENSG00000104904
									ENSG00000130640				ENSG00000130811		ENSG00000176454					ENSG00000111605						ENSG00000152795	ENSG00000155660
									ENSG00000160948				ENSG00000077458		ENSG00000170322					ENSG00000175203						ENSG00000168067	ENSG00000198355
									ENSG00000102225				ENSG00000205581		ENSG00000117385					ENSG00000065361						ENSG00000163682	ENSG00000178209
									ENSG00000161960				ENSG00000108829		ENSG00000125503					ENSG00000137807						ENSG00000116521	ENSG00000172531
									ENSG00000064961				ENSG00000110583		ENSG00000022840					ENSG00000141644						ENSG00000168066	ENSG00000125503
									ENSG00000196365				ENSG00000186010		ENSG00000225697					ENSG00000148773						ENSG00000164889	ENSG00000187514
									ENSG00000172732				ENSG00000166136		ENSG00000114770					ENSG00000048544						ENSG00000115464	ENSG00000198755
									ENSG00000204304				ENSG00000176953		ENSG00000160072					ENSG00000100462						ENSG00000143793	ENSG00000265681
									ENSG00000168291				ENSG00000144802		ENSG00000100201					ENSG00000150787						ENSG00000006744	ENSG00000164403
									ENSG00000167257				ENSG00000111641		ENSG00000161202					ENSG00000139725						ENSG00000176619	ENSG00000125520
									ENSG00000099381				ENSG00000167770		ENSG00000170144					ENSG00000122026						ENSG00000141644	ENSG00000255717
									ENSG00000196235				ENSG00000126226		ENSG00000125450					ENSG00000168137						ENSG00000099381	ENSG00000158882
									ENSG00000158805				ENSG00000138035		ENSG00000137817					ENSG00000112081						ENSG00000184575	ENSG00000177302
									ENSG00000132676				ENSG00000130810		ENSG00000196367					ENSG00000135111						ENSG00000196700	ENSG00000116213
									ENSG00000113758				ENSG00000165661		ENSG00000132485					ENSG00000082258						ENSG00000187796	ENSG00000014164
									ENSG00000204843				ENSG00000131051							ENSG00000108465						ENSG00000177303	ENSG00000130702
									ENSG00000130811				ENSG00000265241							ENSG00000130811						ENSG00000140995	ENSG00000134057
									ENSG00000114982				ENSG00000171848							ENSG00000116120						ENSG00000161960	ENSG00000140829
									ENSG00000132793				ENSG00000184702							ENSG00000172432						ENSG00000166333	ENSG00000104884
									ENSG00000117385				ENSG00000214046							ENSG00000112855						ENSG00000090060	ENSG00000234741
									ENSG00000170515				ENSG00000159210							ENSG00000256269						ENSG00000196576	ENSG00000172354
									ENSG00000197226				ENSG00000112096							ENSG00000064961						ENSG00000125503	ENSG00000089351
									ENSG00000065183				ENSG00000174780							ENSG00000165119						ENSG00000155827	ENSG00000129347
									ENSG00000116337				ENSG00000104907							ENSG00000163702						ENSG00000255717	ENSG00000109113
									ENSG00000115307				ENSG00000175931							ENSG00000135679						ENSG00000285043	ENSG00000163682
									ENSG00000064601				ENSG00000167671							ENSG00000155463						ENSG00000116337	ENSG00000104897
									ENSG00000214706				ENSG00000143258							ENSG00000100889						ENSG00000114573	ENSG00000108528
									ENSG00000105613				ENSG00000010244							ENSG00000148303						ENSG00000113460	ENSG00000005206
									ENSG00000100345				ENSG00000267680							ENSG00000141295						ENSG00000140688	ENSG00000183751
									ENSG00000116786				ENSG00000162066							ENSG00000148396						ENSG00000111642	ENSG00000130640
									ENSG00000017483				ENSG00000143793							ENSG00000168610						ENSG00000104859	ENSG00000161203
									ENSG00000080603				ENSG00000100288							ENSG00000115657						ENSG00000156976	ENSG00000126581
									ENSG00000170638				ENSG00000088038							ENSG00000169718						ENSG00000169727	ENSG00000161249
									ENSG00000092929				ENSG00000204435							ENSG00000213780						ENSG00000080824	ENSG00000117395
									ENSG00000132485				ENSG00000136279							ENSG00000122566						ENSG00000160789	ENSG00000133247
													ENSG00000095059							ENSG00000116977						ENSG00000115216	ENSG00000167615
													ENSG00000133884							ENSG00000137337						ENSG00000178188	ENSG00000176619
													ENSG00000169718							ENSG00000092098						ENSG00000072310	ENSG00000079313
													ENSG00000135930							ENSG00000196792						ENSG00000183751	ENSG00000100075
													ENSG00000182473							ENSG00000157014						ENSG00000065268	ENSG00000160949
													ENSG00000130299							ENSG00000130726							ENSG00000104907
													ENSG00000101294							ENSG00000158805							ENSG00000187796
													ENSG00000128944							ENSG00000179222							ENSG00000177303
													ENSG00000172732							ENSG00000102316							ENSG00000205560
													ENSG00000125967							ENSG00000170322							ENSG00000168056
													ENSG00000168268							ENSG00000166197							ENSG00000215041
													ENSG00000128050							ENSG00000147140							ENSG00000147140
													ENSG00000277258							ENSG00000090060							ENSG00000005882
													ENSG00000185813							ENSG00000100519							ENSG00000087087
													ENSG00000148303							ENSG00000116001							ENSG00000104946
													ENSG00000103037							ENSG00000072778							ENSG00000111642
													ENSG00000125520							ENSG00000142453							ENSG00000160741
													ENSG00000140416							ENSG00000158941							ENSG00000105204
													ENSG00000184465							ENSG00000153922							ENSG00000160789
													ENSG00000122952							ENSG00000081791							ENSG00000076984
													ENSG00000167522							ENSG00000156976							ENSG00000100345
													ENSG00000163516							ENSG00000115365							ENSG00000092010
													ENSG00000137135							ENSG00000115216							ENSG00000187634
													ENSG00000008128							ENSG00000102144							ENSG00000104852
													ENSG00000248333							ENSG00000132155							ENSG00000105576
													ENSG00000170312							ENSG00000183605							ENSG00000065268
													ENSG00000108465							ENSG00000105705							ENSG00000133316
													ENSG00000116016														
													ENSG00000136935														
													ENSG00000132522														
													ENSG00000169045														
													ENSG00000099783														
													ENSG00000160789														
													ENSG00000135679														
													ENSG00000174197														
													ENSG00000161013														
													ENSG00000099875														
													ENSG00000146247														
													ENSG00000103335														
													ENSG00000168066														
													ENSG00000087266														
													ENSG00000198917														
													ENSG00000115875														
													ENSG00000131748														
													ENSG00000160948														
													ENSG00000197114														
													ENSG00000266967														
													ENSG00000141480														
													ENSG00000103249														
													ENSG00000115211														
													ENSG00000071859														
													ENSG00000004478														
													ENSG00000100429														
													ENSG00000165516														
													ENSG00000196365														
													ENSG00000185189														
													ENSG00000143093														
													ENSG00000157014														
													ENSG00000111602														
													ENSG00000037042														
													ENSG00000158805														
													ENSG00000103507														
													ENSG00000108100														
													ENSG00000088205														
													ENSG00000122566														
													ENSG00000101158														
													ENSG00000170322														
													ENSG00000066136														
													ENSG00000147140														
													ENSG00000117385														
													ENSG00000170515														
													ENSG00000185627														
													ENSG00000118515														
													ENSG00000255717														
													ENSG00000197226														
													ENSG00000116001														
													ENSG00000170876														
													ENSG00000160714														
													ENSG00000149554														
													ENSG00000064601														
													ENSG00000129460														
													ENSG00000132485														